,name,company,year,Price,kms_driven,fuel_type
0,Hyundai Santro,Hyundai,2007,80000.0,45000.0,Petrol
1,Mahindra Jeep,Mahindra,2006,425000.0,40.0,Diesel
2,Hyundai Grand,Hyundai,2014,325000.0,28000.0,Petrol
3,Ford EcoSport,Ford,2014,575000.0,36000.0,Diesel
4,Ford Figo,Ford,2012,175000.0,41000.0,Diesel
5,Hyundai Eon,Hyundai,2013,190000.0,25000.0,Petrol
6,Ford EcoSport,Ford,2016,830000.0,24530.0,Diesel
7,Maruti Suzuki,Maruti,2015,250000.0,60000.0,Petrol
8,Skoda Fabia,Skoda,2010,182000.0,60000.0,Petrol
9,Maruti Suzuki,Maruti,2015,315000.0,30000.0,Petrol
10,Hyundai Elite,Hyundai,2014,415000.0,32000.0,Petrol
11,Mahindra Scorpio,Mahindra,2015,320000.0,48660.0,Diesel
12,Hyundai Santro,Hyundai,2007,80000.0,45000.0,Petrol
13,Mahindra Jeep,Mahindra,2006,425000.0,40.0,Diesel
14,Audi A8,Audi,2017,1000000.0,4000.0,Petrol
15,Audi Q7,Audi,2014,500000.0,16934.0,Diesel
16,Mahindra Scorpio,Mahindra,2016,350000.0,43000.0,Diesel
17,Maruti Suzuki,Maruti,2014,160000.0,35550.0,Petrol
18,Mahindra Scorpio,Mahindra,2016,350000.0,43000.0,Diesel
19,Mahindra Scorpio,Mahindra,2016,310000.0,39522.0,Diesel
20,Maruti Suzuki,Maruti,2015,75000.0,39000.0,Petrol
21,Hyundai i20,Hyundai,2012,100000.0,55000.0,Petrol
22,Hyundai i20,Hyundai,2012,100000.0,55000.0,Petrol
23,Hyundai i20,Hyundai,2012,100000.0,55000.0,Petrol
24,Maruti Suzuki,Maruti,2017,190000.0,72000.0,Petrol
25,Maruti Suzuki,Maruti,2016,290000.0,15975.0,Diesel
26,Maruti Suzuki,Maruti,2008,95000.0,70000.0,Petrol
27,Mahindra Bolero,Mahindra,2017,180000.0,23452.0,Diesel
28,Maruti Suzuki,Maruti,2014,385000.0,35522.0,Diesel
29,Mahindra Scorpio,Mahindra,2015,250000.0,48508.0,Diesel
30,Maruti Suzuki,Maruti,2017,180000.0,15487.0,Petrol
31,Maruti Suzuki,Maruti,2013,105000.0,39000.0,Petrol
32,Maruti Suzuki,Maruti,2013,105000.0,39000.0,Petrol
33,Toyota Innova,Toyota,2012,650000.0,82000.0,Diesel
34,Renault Lodgy,Renault,2018,689999.0,20000.0,Diesel
35,Skoda Yeti,Skoda,2012,448000.0,68000.0,Diesel
36,Maruti Suzuki,Maruti,2017,549000.0,32000.0,Diesel
37,Renault Duster,Renault,2012,501000.0,38000.0,Diesel
38,Renault Duster,Renault,2013,489999.0,27000.0,Diesel
39,Honda City,Honda,2011,280000.0,33000.0,Petrol
40,Maruti Suzuki,Maruti,2015,250000.0,60000.0,Petrol
41,Maruti Suzuki,Maruti,2013,349999.0,46000.0,Diesel
42,Honda Amaze,Honda,2013,284999.0,46000.0,Diesel
43,Honda Amaze,Honda,2015,345000.0,36000.0,Diesel
44,Honda City,Honda,2015,499999.0,55000.0,Petrol
45,Datsun Redi,Datsun,2017,235000.0,16000.0,Petrol
46,Maruti Suzuki,Maruti,2010,249999.0,36000.0,Petrol
47,Mitsubishi Pajero,Mitsubishi,2015,1475000.0,47000.0,Diesel
48,Mahindra Bolero,Mahindra,2017,180000.0,23452.0,Diesel
49,Maruti Suzuki,Maruti,2014,385000.0,35522.0,Diesel
50,Mahindra Scorpio,Mahindra,2015,250000.0,48508.0,Diesel
51,Maruti Suzuki,Maruti,2017,180000.0,15487.0,Petrol
52,Maruti Suzuki,Maruti,2013,105000.0,39000.0,Petrol
53,Maruti Suzuki,Maruti,2013,105000.0,39000.0,Petrol
54,Mahindra Scorpio,Mahindra,2015,395000.0,35000.0,Diesel
55,Maruti Suzuki,Maruti,2017,220000.0,30874.0,Petrol
56,Honda City,Honda,2017,170000.0,15000.0,Diesel
57,Maruti Suzuki,Maruti,2013,85000.0,29685.0,Petrol
58,Ford Figo,Ford,2012,175000.0,41000.0,Diesel
59,Hyundai Eon,Hyundai,2013,190000.0,25000.0,Petrol
60,Tata Indigo,Tata,2017,200000.0,130000.0,Diesel
61,Ford EcoSport,Ford,2016,830000.0,24530.0,Diesel
62,Tata Indigo,Tata,2017,200000.0,130000.0,Diesel
63,Mahindra Scorpio,Mahindra,2012,570000.0,19000.0,Diesel
64,Volkswagen Polo,Volkswagen,2014,315000.0,60000.0,Petrol
65,Skoda Fabia,Skoda,2010,182000.0,60000.0,Petrol
66,Maruti Suzuki,Maruti,2015,315000.0,30000.0,Petrol
67,Chevrolet Spark,Chevrolet,2010,110000.0,41000.0,Petrol
68,Renault Duster,Renault,2012,501000.0,35000.0,Diesel
69,Honda City,Honda,2015,448999.0,54000.0,Petrol
70,Mini Cooper,Mini,2013,1891111.0,13000.0,Petrol
71,Datsun Redi,Datsun,2017,235000.0,16000.0,Petrol
72,Skoda Fabia,Skoda,2011,159500.0,38200.0,Diesel
73,Honda Amaze,Honda,2015,344999.0,22000.0,Petrol
74,Honda Amaze,Honda,2015,344999.0,22000.0,Petrol
75,Renault Duster,Renault,2014,449999.0,50000.0,Diesel
76,Mini Cooper,Mini,2013,1891111.0,13500.0,Petrol
77,Mahindra Scorpio,Mahindra,2015,865000.0,30000.0,Diesel
78,Mahindra Scorpio,Mahindra,2014,699000.0,50000.0,Diesel
79,Mahindra Quanto,Mahindra,2013,375000.0,20000.0,Diesel
80,Ford EcoSport,Ford,2017,489999.0,39000.0,Petrol
81,Honda Brio,Honda,2012,224999.0,30000.0,Petrol
82,Volkswagen Vento,Volkswagen,2019,1200000.0,3600.0,Diesel
83,Hyundai i20,Hyundai,2009,195000.0,32000.0,Petrol
84,Toyota Corolla,Toyota,2010,351000.0,38000.0,Diesel
85,Hyundai Verna,Hyundai,2008,160000.0,45000.0,Petrol
86,Toyota Corolla,Toyota,2009,240000.0,35000.0,Petrol
87,Honda City,Honda,2005,90000.0,50000.0,Petrol
88,Hyundai Elite,Hyundai,2014,415000.0,32000.0,Petrol
89,Skoda Fabia,Skoda,2011,155000.0,45863.0,Diesel
90,BMW 3,BMW,2011,600000.0,60500.0,Petrol
91,Maruti Suzuki,Maruti,2011,189500.0,12500.0,Petrol
92,Toyota Etios,Toyota,2013,350000.0,60000.0,Diesel
93,Ford Figo,Ford,2012,210000.0,35000.0,Diesel
94,Maruti Suzuki,Maruti,2014,390000.0,35000.0,Petrol
95,Chevrolet Beat,Chevrolet,2012,135000.0,45000.0,Diesel
96,BMW 7,BMW,2009,1600000.0,35000.0,Petrol
97,Mahindra XUV500,Mahindra,2013,701000.0,38000.0,Diesel
98,Hyundai i10,Hyundai,2014,265000.0,18000.0,Petrol
99,Hyundai Verna,Hyundai,2015,525000.0,35000.0,Diesel
100,Maruti Suzuki,Maruti,2013,372000.0,13349.0,Petrol
101,Maruti Suzuki,Maruti,2016,635000.0,29000.0,Petrol
102,Ford EcoSport,Ford,2014,550000.0,44000.0,Diesel
103,Maruti Suzuki,Maruti,2016,575000.0,29000.0,Petrol
104,Maruti Suzuki,Maruti,2013,485000.0,42000.0,Diesel
105,Maruti Suzuki,Maruti,2012,155000.0,14000.0,Petrol
106,Hyundai Grand,Hyundai,2014,345000.0,49000.0,Diesel
107,Honda Amaze,Honda,2014,325000.0,42000.0,Petrol
108,Hyundai i20,Hyundai,2012,329500.0,36200.0,Diesel
109,Ford Figo,Ford,2014,195000.0,50000.0,Diesel
110,Maruti Suzuki,Maruti,2015,251111.0,55000.0,Petrol
111,Maruti Suzuki,Maruti,2014,569999.0,45000.0,Petrol
112,Maruti Suzuki,Maruti,2007,69999.0,51000.0,Petrol
113,Maruti Suzuki,Maruti,2014,299999.0,19000.0,Petrol
114,Maruti Suzuki,Maruti,2009,220000.0,46000.0,Petrol
115,Maruti Suzuki,Maruti,2013,399999.0,33000.0,Diesel
116,Maruti Suzuki,Maruti,2013,372000.0,13349.0,Petrol
117,Maruti Suzuki,Maruti,2015,450000.0,104000.0,Diesel
118,Toyota Etios,Toyota,2014,270000.0,55000.0,Petrol
119,Hyundai i20,Hyundai,2011,350000.0,33333.0,Diesel
120,Chevrolet Spark,Chevrolet,2012,158400.0,33600.0,Petrol
121,Maruti Suzuki,Maruti,2017,350000.0,5600.0,Petrol
122,Nissan Micra,Nissan,2011,179000.0,41000.0,Petrol
123,Maruti Suzuki,Maruti,2007,125000.0,70000.0,Petrol
124,Maruti Suzuki,Maruti,2018,200000.0,7500.0,Petrol
125,Honda Amaze,Honda,2013,299000.0,45000.0,Diesel
126,Maruti Suzuki,Maruti,2015,220000.0,38000.0,Petrol
127,Chevrolet Beat,Chevrolet,2015,150000.0,30000.0,Petrol
128,Honda City,Honda,2010,285000.0,35000.0,Petrol
129,Ford EcoSport,Ford,2016,830000.0,24330.0,Diesel
130,Hyundai i20,Hyundai,2009,210000.0,65480.0,Petrol
131,Maruti Suzuki,Maruti,2013,340000.0,41000.0,Petrol
132,Tata Indica,Tata,2006,90000.0,20000.0,Petrol
133,Hindustan Motors,Hindustan,2000,70000.0,200000.0,Diesel
134,Toyota Corolla,Toyota,2010,289999.0,70000.0,Petrol
135,Toyota Corolla,Toyota,2012,349999.0,59000.0,Petrol
136,Toyota Innova,Toyota,2012,849999.0,99000.0,Diesel
137,Volkswagen Jetta,Volkswagen,2014,749999.0,46000.0,Diesel
138,Volkswagen Polo,Volkswagen,2015,399999.0,2800.0,Petrol
139,Volkswagen Polo,Volkswagen,2014,274999.0,32000.0,Petrol
140,Mahindra Scorpio,Mahindra,2015,984999.0,22000.0,Diesel
141,Renault Duster,Renault,2014,449999.0,50000.0,Diesel
142,Honda Amaze,Honda,2015,344999.0,22000.0,Petrol
143,Nissan Sunny,Nissan,2012,224999.0,45000.0,Petrol
144,Hyundai Elite,Hyundai,2018,599999.0,21000.0,Petrol
145,Renault Kwid,Renault,2016,244999.0,11000.0,Petrol
146,Renault Duster,Renault,2013,399999.0,41000.0,Diesel
147,Ford EcoSport,Ford,2017,489999.0,39000.0,Petrol
148,Renault Duster,Renault,2014,474999.0,50000.0,Diesel
149,Mahindra Scorpio,Mahindra,2011,499999.0,66000.0,Diesel
150,Maruti Suzuki,Maruti,2018,310000.0,3000.0,Petrol
151,Chevrolet Spark,Chevrolet,2010,85000.0,45000.0,Petrol
152,Datsun Redi,Datsun,2016,245000.0,7000.0,Petrol
153,Maruti Suzuki,Maruti,2010,189500.0,38500.0,Diesel
154,Fiat Punto,Fiat,2012,169500.0,37200.0,Diesel
155,Maruti Suzuki,Maruti,2010,159500.0,43200.0,Diesel
156,Toyota Etios,Toyota,2013,275000.0,24800.0,Petrol
157,Hyundai i20,Hyundai,2014,370000.0,60000.0,Diesel
158,Hyundai i10,Hyundai,2010,168000.0,45872.0,Petrol
159,Chevrolet Beat,Chevrolet,2011,150000.0,40000.0,Diesel
160,Chevrolet Beat,Chevrolet,2011,145000.0,45000.0,Diesel
161,Chevrolet Beat,Chevrolet,2012,98500.0,38000.0,Diesel
162,Mahindra Scorpio,Mahindra,2014,699000.0,50000.0,Diesel
163,Tata Indigo,Tata,2011,85000.0,11400.0,Diesel
164,Toyota Corolla,Toyota,2015,575000.0,42000.0,Petrol
165,Honda City,Honda,2014,549000.0,39000.0,Petrol
166,Maruti Suzuki,Maruti,2011,209000.0,47000.0,Diesel
167,Hyundai Eon,Hyundai,2013,185000.0,27000.0,Petrol
168,Mahindra Scorpio,Mahindra,2015,900000.0,97200.0,Diesel
169,Mahindra XUV500,Mahindra,2014,699999.0,52000.0,Diesel
170,Honda Brio,Honda,2012,224999.0,30000.0,Petrol
171,Ford Fiesta,Ford,2011,274999.0,55000.0,Diesel
172,Honda Amaze,Honda,2013,284999.0,46000.0,Diesel
173,Honda City,Honda,2015,599999.0,30000.0,Diesel
174,Maruti Suzuki,Maruti,2012,199999.0,44000.0,Petrol
175,Honda City,Honda,2014,544999.0,45000.0,Diesel
176,Hyundai i20,Hyundai,2009,199000.0,31000.0,Petrol
177,Tata Indigo,Tata,2016,320000.0,175430.0,Diesel
178,Hyundai Fluidic,Hyundai,2015,540000.0,38000.0,Diesel
179,Mahindra Quanto,Mahindra,2013,340000.0,37000.0,Diesel
180,Fiat Petra,Fiat,2008,75000.0,65000.0,Petrol
181,Skoda Fabia,Skoda,2011,159500.0,38200.0,Diesel
182,Mini Cooper,Mini,2013,1891111.0,13000.0,Petrol
183,Hyundai Santro,Hyundai,2005,49000.0,7500.0,Petrol
184,Maruti Suzuki,Maruti,2016,700000.0,3350.0,Petrol
185,Maruti Suzuki,Maruti,2000,55000.0,60000.0,Petrol
186,Honda City,Honda,2015,448999.0,54000.0,Petrol
187,Hyundai Creta,Hyundai,2017,895000.0,32000.0,Petrol
188,Mahindra Scorpio,Mahindra,2007,355000.0,75000.0,Diesel
189,Mahindra Scorpio,Mahindra,2012,565000.0,62000.0,Diesel
190,Toyota Innova,Toyota,2006,365000.0,73000.0,Diesel
191,Maruti Suzuki,Maruti,2011,145000.0,41000.0,Petrol
192,Maruti Suzuki,Maruti,2011,210000.0,35000.0,Petrol
193,Tata Nano,Tata,2013,40000.0,2200.0,Petrol
194,Maruti Suzuki,Maruti,2013,125000.0,39000.0,Petrol
195,Maruti Suzuki,Maruti,2009,135000.0,45000.0,Petrol
196,Maruti Suzuki,Maruti,2006,135000.0,45000.0,Petrol
197,Tata Sumo,Tata,2012,285000.0,65000.0,Diesel
198,Maruti Suzuki,Maruti,2010,145000.0,54870.0,Petrol
199,Maruti Suzuki,Maruti,2010,135000.0,34580.0,Petrol
200,Volkswagen Passat,Volkswagen,2009,450000.0,97000.0,Diesel
201,Renault Scala,Renault,2015,375000.0,25000.0,Diesel
202,Mahindra Quanto,Mahindra,2013,375000.0,20000.0,Diesel
203,Hyundai Grand,Hyundai,2014,365000.0,20000.0,Petrol
204,Hyundai i20,Hyundai,2015,500000.0,18000.0,Petrol
205,Mahindra Xylo,Mahindra,2012,400000.0,35000.0,Diesel
206,Mahindra Jeep,Mahindra,2019,390000.0,60.0,Diesel
207,Renault Duster,Renault,2012,501000.0,35000.0,Diesel
208,Mahindra Bolero,Mahindra,2013,330000.0,80200.0,Diesel
209,Force Motors,Force,2015,580000.0,3200.0,Diesel
210,Maruti Suzuki,Maruti,2012,265000.0,46000.0,Diesel
211,Mahindra Jeep,Mahindra,2019,379000.0,0.0,Diesel
212,Maruti Suzuki,Maruti,2015,219000.0,5000.0,Petrol
213,Mahindra Jeep,Mahindra,2018,385000.0,588.0,Diesel
214,Toyota Etios,Toyota,2011,275000.0,36000.0,Diesel
215,Volkswagen Polo,Volkswagen,2015,330000.0,38000.0,Diesel
216,Honda City,Honda,2008,110000.0,45000.0,Petrol
217,Maruti Suzuki,Maruti,2006,80000.0,71200.0,Petrol
218,Honda City,Honda,2016,519000.0,52000.0,Diesel
219,Mahindra Thar,Mahindra,2016,730000.0,29000.0,Diesel
220,Mitsubishi Pajero,Mitsubishi,2015,1475000.0,47000.0,Diesel
221,Audi A4,Audi,2009,699000.0,47000.0,Petrol
222,Mercedes Benz,Mercedes,2015,2000000.0,20000.0,Diesel
223,Land Rover,Land,2015,2100000.0,30000.0,Diesel
224,Renault Kwid,Renault,2017,340000.0,5000.0,Petrol
225,Tata Aria,Tata,2014,390000.0,35000.0,Diesel
226,Mercedes Benz,Mercedes,2014,1400000.0,31000.0,Petrol
227,Datsun GO,Datsun,2016,245000.0,7000.0,Petrol
228,Tata Indigo,Tata,2016,320000.0,175430.0,Diesel
229,Tata Indigo,Tata,2016,320000.0,175400.0,Diesel
230,Honda Jazz,Honda,2016,450000.0,41000.0,Petrol
231,Honda Amaze,Honda,2014,311000.0,33000.0,Petrol
232,Honda Amaze,Honda,2013,284999.0,46000.0,Diesel
233,Honda City,Honda,2012,399999.0,45000.0,Petrol
234,Honda City,Honda,2015,599999.0,39000.0,Diesel
235,Honda Amaze,Honda,2015,344999.0,22000.0,Petrol
236,Audi A4,Audi,2009,699000.0,47000.0,Petrol
237,Force Motors,Force,2015,580000.0,3200.0,Diesel
238,Mahindra Scorpio,Mahindra,2015,855000.0,30000.0,Diesel
239,Hyundai i20,Hyundai,2015,535000.0,37000.0,Diesel
240,Mini Cooper,Mini,2013,1891111.0,13000.0,Petrol
241,Maruti Suzuki,Maruti,2017,699000.0,14000.0,Petrol
242,Chevrolet Tavera,Chevrolet,2013,375000.0,55000.0,Diesel
243,Honda Amaze,Honda,2013,284999.0,46000.0,Diesel
244,Hyundai Eon,Hyundai,2012,178000.0,30000.0,Petrol
245,Tata Sumo,Tata,2013,300000.0,50000.0,Diesel
246,Maruti Suzuki,Maruti,2003,90000.0,45000.0,Petrol
247,Maruti Suzuki,Maruti,2006,95000.0,45000.0,Petrol
248,Maruti Suzuki,Maruti,2015,255000.0,9300.0,Petrol
249,Chevrolet Enjoy,Chevrolet,2013,245000.0,55000.0,Diesel
250,Hyundai i20,Hyundai,2012,329500.0,36200.0,Diesel
251,Ford Figo,Ford,2014,195000.0,50000.0,Diesel
252,Maruti Suzuki,Maruti,2015,251111.0,55000.0,Petrol
253,Maruti Suzuki,Maruti,2014,569999.0,45000.0,Petrol
254,Maruti Suzuki,Maruti,2007,69999.0,51000.0,Petrol
255,Maruti Suzuki,Maruti,2014,299999.0,19000.0,Petrol
256,Maruti Suzuki,Maruti,2009,220000.0,46000.0,Petrol
257,Maruti Suzuki,Maruti,2013,399999.0,33000.0,Diesel
258,Maruti Suzuki,Maruti,2010,249999.0,36000.0,Petrol
259,Maruti Suzuki,Maruti,2015,289999.0,22000.0,Petrol
260,Mini Cooper,Mini,2013,1891111.0,13500.0,Petrol
261,Nissan Terrano,Nissan,2015,499999.0,60000.0,Diesel
262,Renault Duster,Renault,2013,489999.0,27000.0,Diesel
263,Renault Duster,Renault,2014,489999.0,59000.0,Diesel
264,Renault Duster,Renault,2015,549999.0,19000.0,Diesel
265,Maruti Suzuki,Maruti,2013,380000.0,30000.0,Petrol
266,Renault Kwid,Renault,2018,325000.0,15000.0,Petrol
267,Maruti Suzuki,Maruti,2003,57000.0,56758.0,Petrol
268,Renault Kwid,Renault,2018,349999.0,10000.0,Petrol
269,Renault Lodgy,Renault,2018,689999.0,20000.0,Diesel
270,Renault Scala,Renault,2014,349999.0,49000.0,Diesel
271,Hyundai Grand,Hyundai,2014,410000.0,41000.0,Petrol
272,Maruti Suzuki,Maruti,2011,225000.0,45000.0,Petrol
273,Chevrolet Beat,Chevrolet,2010,120000.0,43000.0,Petrol
274,Tata Indigo,Tata,2016,320000.0,175430.0,Diesel
275,Hyundai Santro,Hyundai,2000,59000.0,56450.0,Petrol
276,Hyundai Fluidic,Hyundai,2015,540000.0,38000.0,Diesel
277,Chevrolet Beat,Chevrolet,2010,80000.0,56000.0,Petrol
278,Mahindra Quanto,Mahindra,2013,340000.0,37000.0,Diesel
279,Fiat Petra,Fiat,2008,75000.0,65000.0,Petrol
280,Chevrolet Beat,Chevrolet,2015,220000.0,32700.0,Petrol
281,Skoda Fabia,Skoda,2011,159500.0,38200.0,Diesel
282,Ford EcoSport,Ford,2016,599000.0,30000.0,Diesel
283,Hyundai Accent,Hyundai,2006,80000.0,56000.0,Petrol
284,Mahindra TUV300,Mahindra,2016,675000.0,9000.0,Diesel
285,Mini Cooper,Mini,2013,1891111.0,13000.0,Petrol
286,Mini Cooper,Mini,2013,1891111.0,13000.0,Petrol
287,Tata Indica,Tata,2008,150000.0,11000.0,Petrol
288,Mini Cooper,Mini,2013,1891111.0,13000.0,Petrol
289,Tata Indigo,Tata,2009,72500.0,46000.0,Diesel
290,Maruti Suzuki,Maruti,2019,610000.0,73.0,Petrol
291,Mahindra Scorpio,Mahindra,2004,230000.0,160000.0,Diesel
292,Honda Accord,Honda,2009,175000.0,58559.0,Petrol
293,Mahindra Scorpio,Mahindra,2015,855000.0,30000.0,Diesel
294,Chevrolet Tavera,Chevrolet,2013,375000.0,55000.0,Diesel
295,Ford EcoSport,Ford,2014,520000.0,57000.0,Diesel
296,Maruti Suzuki,Maruti,2015,524999.0,50000.0,Diesel
297,Honda Amaze,Honda,2014,299999.0,37000.0,Petrol
298,Maruti Suzuki,Maruti,2012,299999.0,40000.0,Petrol
299,Honda City,Honda,2011,284999.0,55000.0,Petrol
300,Mahindra Scorpio,Mahindra,2007,220000.0,170000.0,Diesel
301,Maruti Suzuki,Maruti,2014,424999.0,55000.0,Diesel
302,Honda City,Honda,2015,644999.0,39000.0,Petrol
303,Honda Mobilio,Honda,2014,399999.0,44000.0,Petrol
304,Toyota Corolla,Toyota,2009,199999.0,65000.0,Petrol
305,Honda City,Honda,2014,584999.0,39000.0,Petrol
306,Skoda Laura,Skoda,2012,349999.0,44000.0,Diesel
307,Renault Duster,Renault,2015,449999.0,49000.0,Diesel
308,Maruti Suzuki,Maruti,2018,799999.0,9000.0,Diesel
309,Maruti Suzuki,Maruti,2015,444999.0,45000.0,Diesel
310,Mahindra XUV500,Mahindra,2014,649999.0,47000.0,Diesel
311,Hyundai Verna,Hyundai,2012,444999.0,40000.0,Diesel
312,Maruti Suzuki,Maruti,2016,689999.0,29000.0,Diesel
313,Maruti Suzuki,Maruti,2016,344999.0,15000.0,Petrol
314,Mahindra Scorpio,Mahindra,2015,944999.0,45000.0,Diesel
315,Honda Amaze,Honda,2014,274999.0,35000.0,Petrol
316,Mahindra XUV500,Mahindra,2013,689999.0,80000.0,Diesel
317,Mahindra Scorpio,Mahindra,2013,574999.0,68000.0,Diesel
318,Skoda Laura,Skoda,2013,374999.0,50000.0,Diesel
319,Volkswagen Polo,Volkswagen,2010,199999.0,60000.0,Diesel
320,Hyundai Elite,Hyundai,2016,549999.0,9000.0,Petrol
321,Tata Manza,Tata,2012,130000.0,72000.0,Diesel
322,Chevrolet Sail,Chevrolet,2013,210000.0,60000.0,Petrol
323,Renault Duster,Renault,2012,501000.0,38000.0,Diesel
324,Hyundai Verna,Hyundai,2013,401000.0,45000.0,Diesel
325,Audi A4,Audi,2012,1350000.0,40000.0,Diesel
326,Hyundai Elantra,Hyundai,2013,600000.0,20000.0,Petrol
327,Mahindra Scorpio,Mahindra,2013,610000.0,35000.0,Diesel
328,Mahindra KUV100,Mahindra,2016,400000.0,20000.0,Diesel
329,Renault Scala,Renault,2015,375000.0,25000.0,Diesel
330,Mahindra Quanto,Mahindra,2013,375000.0,20000.0,Diesel
331,Hyundai Grand,Hyundai,2014,365000.0,20000.0,Petrol
332,Hyundai i20,Hyundai,2015,500000.0,18000.0,Petrol
333,Mahindra Xylo,Mahindra,2012,400000.0,35000.0,Diesel
334,Hyundai Grand,Hyundai,2017,524999.0,6821.0,Petrol
335,Hyundai i20,Hyundai,2014,449999.0,23000.0,Petrol
336,Hyundai Eon,Hyundai,2014,174999.0,14000.0,Petrol
337,Hyundai i10,Hyundai,2012,244999.0,38000.0,Petrol
338,Hyundai i20,Hyundai,2015,574999.0,35000.0,Diesel
339,Datsun Redi,Datsun,2017,244999.0,22000.0,Petrol
340,Toyota Etios,Toyota,2011,239999.0,41000.0,Petrol
341,Hyundai Accent,Hyundai,2010,99999.0,45000.0,Petrol
342,Hyundai Verna,Hyundai,2014,489999.0,44000.0,Diesel
343,Maruti Suzuki,Maruti,2013,324999.0,45000.0,Diesel
344,Toyota Fortuner,Toyota,2011,1074999.0,52000.0,Diesel
345,Hyundai i10,Hyundai,2012,230000.0,34000.0,Petrol
346,Mahindra Bolero,Mahindra,2018,699000.0,1800.0,Diesel
347,Mahindra XUV500,Mahindra,2015,1000000.0,15000.0,Diesel
348,Honda City,Honda,2010,240000.0,400000.0,Petrol
349,Chevrolet Spark,Chevrolet,2009,110000.0,44000.0,Petrol
350,Mahindra Jeep,Mahindra,2019,390000.0,60.0,Diesel
351,Renault Duster,Renault,2012,501000.0,35000.0,Diesel
352,Mahindra XUV500,Mahindra,2016,1130000.0,72000.0,Diesel
353,Tata Indigo,Tata,2014,250000.0,40000.0,Diesel
354,Mahindra Bolero,Mahindra,2013,330000.0,80200.0,Diesel
355,Force Motors,Force,2015,580000.0,3200.0,Diesel
356,Skoda Rapid,Skoda,2013,340000.0,48000.0,Diesel
357,Tata Vista,Tata,2011,120000.0,90000.0,Diesel
358,Maruti Suzuki,Maruti,2015,265000.0,12000.0,Petrol
359,Maruti Suzuki,Maruti,2012,265000.0,46000.0,Diesel
360,Maruti Suzuki,Maruti,2003,85000.0,69900.0,Petrol
361,Mahindra Jeep,Mahindra,2019,379000.0,0.0,Diesel
362,Hyundai i10,Hyundai,2011,175000.0,45000.0,Petrol
363,Maruti Suzuki,Maruti,2015,219000.0,5000.0,Petrol
364,Maruti Suzuki,Maruti,2016,350000.0,166000.0,Diesel
365,Honda City,Honda,2008,149000.0,42000.0,Petrol
366,Mahindra Jeep,Mahindra,2018,385000.0,588.0,Diesel
367,Mahindra Jeep,Mahindra,2006,425000.0,122.0,Diesel
368,Chevrolet Beat,Chevrolet,2017,150000.0,62000.0,Diesel
369,Honda City,Honda,2010,225000.0,70000.0,Petrol
370,Hyundai Verna,Hyundai,2014,375000.0,36000.0,Petrol
371,Toyota Innova,Toyota,2012,770000.0,0.0,Diesel
372,Maruti Suzuki,Maruti,1995,30000.0,55000.0,Petrol
373,Toyota Etios,Toyota,2011,275000.0,36000.0,Diesel
374,Volkswagen Polo,Volkswagen,2015,330000.0,38000.0,Diesel
375,Maruti Suzuki,Maruti,2014,335000.0,55000.0,Diesel
376,Hyundai Elite,Hyundai,2015,450000.0,20000.0,Diesel
377,Maruti Suzuki,Maruti,2012,225000.0,40000.0,Petrol
378,Maruti Suzuki,Maruti,2004,80000.0,50000.0,Petrol
379,Tata Indigo,Tata,2016,130000.0,104000.0,Diesel
380,Volkswagen Vento,Volkswagen,2011,245000.0,65000.0,Diesel
381,Mercedes Benz,Mercedes,2002,399000.0,41000.0,Petrol
382,Maruti Suzuki,Maruti,2013,450000.0,90000.0,Diesel
383,Honda City,Honda,2000,65000.0,80000.0,Petrol
384,Hyundai Santro,Hyundai,2006,75000.0,46000.0,Petrol
385,Maruti Suzuki,Maruti,2001,70000.0,70000.0,Petrol
386,Hyundai Sonata,Hyundai,2017,190000.0,36469.0,Diesel
387,Hyundai Elite,Hyundai,2018,600000.0,7800.0,Petrol
388,Volkswagen Vento,Volkswagen,2011,245000.0,65000.0,Diesel
389,Maruti Suzuki,Maruti,2017,240000.0,60000.0,Petrol
390,Maruti Suzuki,Maruti,2011,155000.0,32000.0,Petrol
391,Honda Jazz,Honda,2009,169999.0,24695.0,Petrol
392,Hyundai Grand,Hyundai,2017,450000.0,15141.0,Petrol
393,Maruti Suzuki,Maruti,2001,40000.0,40000.0,Petrol
394,Mahindra Scorpio,Mahindra,2012,165000.0,65000.0,Diesel
395,Maruti Suzuki,Maruti,2014,270000.0,22000.0,Petrol
396,Hyundai Grand,Hyundai,2016,280000.0,59910.0,Diesel
397,Mahindra XUV500,Mahindra,2012,560000.0,100000.0,Diesel
398,Hyundai Creta,Hyundai,2016,950000.0,25000.0,Petrol
399,Hyundai i20,Hyundai,2013,310000.0,35000.0,Petrol
400,Renault Duster,Renault,2015,715000.0,65000.0,Diesel
401,Hyundai Grand,Hyundai,2014,340000.0,35000.0,Petrol
402,Honda Brio,Honda,2012,235000.0,33000.0,Petrol
403,Mahindra TUV300,Mahindra,2017,610000.0,68000.0,Diesel
404,Chevrolet Spark,Chevrolet,2010,95000.0,23000.0,Petrol
405,Mahindra TUV300,Mahindra,2018,1000000.0,4500.0,Diesel
406,Maruti Suzuki,Maruti,2015,220000.0,129000.0,Diesel
407,Nissan X,Nissan,2019,1200000.0,300.0,Diesel
408,Maruti Suzuki,Maruti,2015,230000.0,5000.0,Petrol
409,Ford Ikon,Ford,2001,45000.0,65000.0,Petrol
410,Toyota Fortuner,Toyota,2010,940000.0,131000.0,Diesel
411,Tata Manza,Tata,2010,155555.0,111111.0,Petrol
412,Mercedes Benz,Mercedes,2013,1500000.0,14000.0,Petrol
413,Chevrolet Beat,Chevrolet,2016,210000.0,22000.0,Diesel
414,Ford EcoSport,Ford,2013,495000.0,38000.0,Diesel
415,Tata Indigo,Tata,2016,125000.0,70000.0,Diesel
416,Hyundai i20,Hyundai,2010,195000.0,36000.0,Petrol
417,Volkswagen Vento,Volkswagen,2015,550000.0,34000.0,Diesel
418,Renault Kwid,Renault,2015,270000.0,43000.0,Petrol
419,Ford EcoSport,Ford,2014,500000.0,40000.0,Diesel
420,Honda Amaze,Honda,2016,240000.0,160000.0,Diesel
421,Hyundai Verna,Hyundai,2017,800000.0,12000.0,Petrol
422,BMW 5,BMW,2011,1299000.0,49000.0,Diesel
423,Skoda Superb,Skoda,2011,530000.0,68000.0,Petrol
424,Audi Q3,Audi,2013,1499000.0,37000.0,Diesel
425,Mahindra Bolero,Mahindra,2012,220000.0,59466.0,Diesel
426,Mahindra Scorpio,Mahindra,2015,900000.0,97200.0,Diesel
427,Ford Figo,Ford,2012,250000.0,99000.0,Diesel
428,Maruti Suzuki,Maruti,2018,395000.0,25500.0,Petrol
429,Mahindra Logan,Mahindra,2009,130000.0,66000.0,Petrol
430,Tata Nano,Tata,2010,32000.0,44005.0,Petrol
431,Mahindra TUV300,Mahindra,2016,540000.0,35000.0,Diesel
432,Mahindra TUV300,Mahindra,2016,540000.0,35000.0,Diesel
433,Hyundai Elite,Hyundai,2015,405000.0,28000.0,Petrol
434,Hyundai Elite,Hyundai,2015,400000.0,30000.0,Petrol
435,Honda City,Honda,2017,760000.0,4000.0,Petrol
436,Maruti Suzuki,Maruti,2016,500000.0,28000.0,Petrol
437,Ford Figo,Ford,2011,175000.0,75000.0,Petrol
438,Mahindra Scorpio,Mahindra,2015,900000.0,97200.0,Diesel
439,Honda City,Honda,2017,750000.0,3000.0,Petrol
440,Hyundai Elite,Hyundai,2015,419000.0,20000.0,Petrol
441,Maruti Suzuki,Maruti,2004,90000.0,50000.0,Petrol
442,Hyundai Eon,Hyundai,2018,140000.0,2110.0,Petrol
443,Mitsubishi Pajero,Mitsubishi,2015,1540000.0,43222.0,Petrol
444,Hyundai i10,Hyundai,2008,275000.0,100200.0,Petrol
445,Toyota Corolla,Toyota,2003,150000.0,100000.0,Petrol
446,Maruti Suzuki,Maruti,2011,230000.0,65.0,Petrol
447,Tata Indigo,Tata,2015,123000.0,100000.0,Diesel
448,Mahindra Scorpio,Mahindra,2015,900000.0,97200.0,Diesel
449,Mahindra Scorpio,Mahindra,2015,900000.0,97200.0,Diesel
450,Hyundai Xcent,Hyundai,2016,300000.0,140000.0,Diesel
451,Honda City,Honda,2015,499999.0,55000.0,Petrol
452,Hyundai Accent,Hyundai,2009,165000.0,48000.0,Petrol
453,Maruti Suzuki,Maruti,2016,498000.0,22000.0,Petrol
454,Tata Zest,Tata,2018,480000.0,103553.0,Diesel
455,Maruti Suzuki,Maruti,2017,488000.0,80000.0,Diesel
456,Tata Sumo,Tata,2014,250000.0,99000.0,Diesel
457,Toyota Corolla,Toyota,2010,220000.0,58000.0,Petrol
458,Maruti Suzuki,Maruti,2013,290000.0,70000.0,LPG
459,Toyota Fortuner,Toyota,2015,1525000.0,120000.0,Diesel
460,Mahindra XUV500,Mahindra,2013,548900.0,49800.0,Diesel
461,Tata Tigor,Tata,2019,650000.0,100.0,Diesel
462,Maruti Suzuki,Maruti,2001,55000.0,81876.0,Petrol
463,Maruti Suzuki,Maruti,2015,550000.0,75000.0,Petrol
464,Maruti Suzuki,Maruti,2004,90000.0,50000.0,Petrol
465,Honda Mobilio,Honda,2014,399000.0,44000.0,Diesel
466,Maruti Suzuki,Maruti,2016,730000.0,55000.0,Diesel
467,Maruti Suzuki,Maruti,2017,725000.0,36000.0,Diesel
468,Hyundai Verna,Hyundai,2016,195000.0,56000.0,Diesel
469,Maruti Suzuki,Maruti,2007,130000.0,62000.0,Petrol
470,Toyota Fortuner,Toyota,2015,1525000.0,120000.0,Diesel
471,Maruti Suzuki,Maruti,2014,190000.0,6020.0,Petrol
472,Honda Amaze,Honda,2013,250000.0,55700.0,Diesel
473,Tata Indica,Tata,2005,80000.0,42000.0,Petrol
474,Hyundai Santro,Hyundai,2003,120000.0,50000.0,Petrol
475,Maruti Suzuki,Maruti,2010,149000.0,35000.0,Petrol
476,Maruti Suzuki,Maruti,2014,250000.0,18500.0,Petrol
477,Maruti Suzuki,Maruti,2007,120000.0,7000.0,Petrol
478,Honda Brio,Honda,2017,450000.0,11000.0,Petrol
479,Maruti Suzuki,Maruti,2003,99999.0,53000.0,Petrol
480,Maruti Suzuki,Maruti,2008,135000.0,23000.0,Petrol
481,Maruti Suzuki,Maruti,2016,225000.0,35500.0,Diesel
482,Maruti Suzuki,Maruti,2010,99000.0,22134.0,Petrol
483,Renault Kwid,Renault,2019,370000.0,1000.0,Petrol
484,Tata Nano,Tata,2010,52000.0,9000.0,Petrol
485,Jaguar XE,Jaguar,2016,2800000.0,8500.0,Petrol
486,Hyundai Eon,Hyundai,2014,190000.0,35000.0,Petrol
487,Honda City,Honda,2014,499000.0,22000.0,Petrol
488,Hindustan Motors,Hindustan,2002,90000.0,25000.0,Diesel
489,Maruti Suzuki,Maruti,2010,149000.0,40000.0,Petrol
490,Hyundai Grand,Hyundai,2017,400000.0,20000.0,Petrol
491,Hyundai Eon,Hyundai,2016,120000.0,87000.0,Petrol
492,Maruti Suzuki,Maruti,2015,250000.0,55000.0,Petrol
493,Maruti Suzuki,Maruti,2017,375000.0,23000.0,Petrol
494,Honda Amaze,Honda,2014,381000.0,6000.0,Petrol
495,Maruti Suzuki,Maruti,2013,180000.0,65000.0,Petrol
496,Maruti Suzuki,Maruti,2016,580000.0,25000.0,Diesel
497,Maruti Suzuki,Maruti,2015,278000.0,39000.0,Petrol
498,Hyundai Creta,Hyundai,2016,1000000.0,8000.0,Petrol
499,Mahindra Scorpio,Mahindra,2013,690000.0,75000.0,Diesel
500,Maruti Suzuki,Maruti,2012,480000.0,51000.0,Diesel
501,Mitsubishi Lancer,Mitsubishi,2006,85000.0,50000.0,Petrol
502,Maruti Suzuki,Maruti,2001,40000.0,75000.0,Petrol
503,Maruti Suzuki,Maruti,2015,90000.0,55800.0,Petrol
504,Hyundai Grand,Hyundai,2015,340000.0,53000.0,Petrol
505,Hyundai Eon,Hyundai,2018,260000.0,25000.0,Petrol
506,Ford Fiesta,Ford,2009,250000.0,56400.0,Petrol
507,Maruti Suzuki,Maruti,2010,180000.0,72160.0,Diesel
508,Hyundai Verna,Hyundai,2012,350000.0,10000.0,Diesel
509,Maruti Suzuki,Maruti,2006,90001.0,48000.0,Petrol
510,Maruti Suzuki,Maruti,2007,115000.0,36000.0,Petrol
511,Audi A6,Audi,2012,1599000.0,11500.0,Diesel
512,Maruti Suzuki,Maruti,2003,130000.0,133000.0,Petrol
513,Maruti Suzuki,Maruti,2009,159000.0,27000.0,Petrol
514,Maruti Suzuki,Maruti,2009,160000.0,35000.0,Petrol
515,Maruti Suzuki,Maruti,2010,110000.0,55000.0,Petrol
516,Maruti Suzuki,Maruti,2016,425000.0,40000.0,Petrol
517,Hyundai Verna,Hyundai,2019,900000.0,2000.0,Petrol
518,Maruti Suzuki,Maruti,2009,150000.0,45000.0,Petrol
519,Hyundai Getz,Hyundai,2009,110000.0,20000.0,Petrol
520,Hyundai Santro,Hyundai,2000,51999.0,88000.0,Petrol
521,Hyundai Getz,Hyundai,2009,115000.0,20000.0,Petrol
522,Chevrolet Beat,Chevrolet,2012,215000.0,65422.0,Diesel
523,Ford EcoSport,Ford,2017,580000.0,10000.0,Petrol
524,Maruti Suzuki,Maruti,2013,380000.0,35000.0,Petrol
525,Hyundai Fluidic,Hyundai,2013,350000.0,117000.0,Diesel
526,Tata Indica,Tata,2005,35000.0,150000.0,Diesel
527,BMW X1,BMW,2011,1150000.0,72000.0,Diesel
528,Hyundai i20,Hyundai,2010,300000.0,10750.0,Petrol
529,Honda City,Honda,2009,269000.0,55000.0,Petrol
530,Tata Nano,Tata,2013,60000.0,6800.0,Petrol
531,Chevrolet Cruze,Chevrolet,2014,400000.0,41000.0,Diesel
532,Hyundai Verna,Hyundai,2015,430000.0,73000.0,Diesel
533,Maruti Suzuki,Maruti,2011,140000.0,65000.0,Diesel
534,Mahindra XUV500,Mahindra,2018,1299000.0,40000.0,Diesel
535,Maruti Suzuki,Maruti,2014,199000.0,37000.0,Petrol
536,Hyundai Accent,Hyundai,2006,90000.0,55000.0,Petrol
537,Force Motors,Force,2013,550000.0,140000.0,Diesel
538,Maruti Suzuki,Maruti,2019,265000.0,9800.0,Petrol
539,Chevrolet Spark,Chevrolet,2011,100000.0,27000.0,Petrol
540,Hyundai i10,Hyundai,2009,215000.0,27000.0,Petrol
541,Toyota Etios,Toyota,2012,380000.0,20000.0,Diesel
542,Renault Duster,Renault,2013,401919.0,57923.0,Diesel
543,Chevrolet Enjoy,Chevrolet,2014,490000.0,30201.0,Diesel
544,Maruti Suzuki,Maruti,2017,280000.0,6200.0,Petrol
545,BMW 5,BMW,2009,650000.0,37518.0,Petrol
546,Toyota Etios,Toyota,2014,160000.0,24652.0,Petrol
547,Mahindra Jeep,Mahindra,2004,424000.0,383.0,Diesel
548,Chevrolet Beat,Chevrolet,2016,225000.0,95000.0,Diesel
549,Chevrolet Cruze,Chevrolet,2011,350000.0,35000.0,Diesel
550,Jeep Wrangler,Jeep,2015,950000.0,3528.0,Diesel
551,Maruti Suzuki,Maruti,2013,485000.0,52500.0,Diesel
552,Hyundai Verna,Hyundai,2010,205000.0,47900.0,Diesel
553,Maruti Suzuki,Maruti,2012,160000.0,14000.0,Petrol
554,Maruti Suzuki,Maruti,2018,310000.0,37000.0,Petrol
555,Tata Zest,Tata,2017,180000.0,90000.0,Diesel
556,Mahindra XUV500,Mahindra,2013,549900.0,52800.0,Diesel
557,Tata Indigo,Tata,2016,150000.0,104000.0,Diesel
558,Hyundai i10,Hyundai,2011,175000.0,30000.0,Petrol
559,Tata Indigo,Tata,2014,95000.0,195000.0,Diesel
560,Tata Indigo,Tata,2016,230000.0,104000.0,Diesel
561,Tata Indigo,Tata,2016,230000.0,104000.0,Diesel
562,Tata Indigo,Tata,2004,180000.0,70000.0,Diesel
563,Hyundai Xcent,Hyundai,2015,400000.0,43000.0,Diesel
564,Hyundai Eon,Hyundai,2013,185000.0,23000.0,Petrol
565,Renault Duster,Renault,2015,385000.0,51000.0,Diesel
566,Maruti Suzuki,Maruti,2009,90000.0,62000.0,Petrol
567,Tata Nano,Tata,2010,32000.0,48008.0,Petrol
568,Renault Duster,Renault,2013,435000.0,39000.0,Diesel
569,Maruti Suzuki,Maruti,2010,225000.0,40000.0,Petrol
570,Maruti Suzuki,Maruti,2006,189700.0,48247.0,Petrol
571,Maruti Suzuki,Maruti,2012,389700.0,39000.0,Diesel
572,Maruti Suzuki,Maruti,2014,365000.0,23000.0,Petrol
573,Maruti Suzuki,Maruti,2017,360000.0,9400.0,Petrol
574,Hyundai i20,Hyundai,2010,210000.0,50000.0,Petrol
575,Hyundai i10,Hyundai,2009,170000.0,75000.0,Petrol
576,Tata Zest,Tata,2017,380000.0,70000.0,Diesel
577,Mahindra Xylo,Mahindra,2009,295000.0,64000.0,Diesel
578,Toyota Corolla,Toyota,2010,185000.0,55000.0,Petrol
579,Tata Manza,Tata,2014,160000.0,200000.0,Diesel
580,Renault Kwid,Renault,2018,290000.0,2137.0,Petrol
581,Tata Venture,Tata,2013,100000.0,30000.0,Diesel
582,Maruti Suzuki,Maruti,2014,315000.0,44000.0,Petrol
583,Skoda Octavia,Skoda,2006,114990.0,65000.0,Diesel
584,Maruti Suzuki,Maruti,2012,120000.0,160000.0,LPG
585,Chevrolet Beat,Chevrolet,2011,125000.0,56000.0,Diesel
586,Tata Sumo,Tata,2012,210000.0,75000.0,Diesel
587,Hyundai Verna,Hyundai,2018,855000.0,42000.0,Diesel
588,Tata Sumo,Tata,2012,210000.0,75000.0,Diesel
589,Mahindra Scorpio,Mahindra,2007,260000.0,56000.0,Diesel
590,Maruti Suzuki,Maruti,2002,95000.0,10544.0,Petrol
591,Maruti Suzuki,Maruti,2011,255000.0,64000.0,Petrol
592,Mahindra Scorpio,Mahindra,2008,300000.0,70000.0,Diesel
593,Hyundai Grand,Hyundai,2014,340000.0,25000.0,Petrol
594,Hyundai Elite,Hyundai,2017,550000.0,15000.0,Petrol
595,Ford Ikon,Ford,2003,60000.0,50000.0,Petrol
596,Toyota Innova,Toyota,2011,750000.0,147000.0,Diesel
597,Nissan Sunny,Nissan,2011,230000.0,52000.0,Petrol
598,Chevrolet Beat,Chevrolet,2012,130000.0,90001.0,Diesel
599,Maruti Suzuki,Maruti,2017,270000.0,21000.0,Petrol
600,Maruti Suzuki,Maruti,2012,280000.0,48006.0,Diesel
601,Maruti Suzuki,Maruti,2012,280000.0,48006.0,Diesel
602,Maruti Suzuki,Maruti,2012,280000.0,48006.0,Diesel
603,Toyota Innova,Toyota,2012,600000.0,80000.0,Diesel
604,Maruti Suzuki,Maruti,2010,190000.0,74000.0,Diesel
605,Hyundai Elite,Hyundai,2015,500000.0,22000.0,Petrol
606,Mahindra XUV500,Mahindra,2016,1065000.0,41000.0,Diesel
607,Volkswagen Polo,Volkswagen,2015,350000.0,25000.0,Diesel
608,Toyota Etios,Toyota,2012,350000.0,85000.0,Diesel
609,Mahindra TUV300,Mahindra,2016,540000.0,29500.0,Diesel
610,Hyundai Elite,Hyundai,2015,470000.0,30000.0,Petrol
611,Hyundai Santro,Hyundai,2014,179000.0,57000.0,Petrol
612,Maruti Suzuki,Maruti,2003,48000.0,60000.0,Petrol
613,Maruti Suzuki,Maruti,2016,650000.0,50000.0,Petrol
614,Hyundai Eon,Hyundai,2013,190000.0,39700.0,Petrol
615,Hyundai Elantra,Hyundai,2012,500000.0,65000.0,Petrol
616,Maruti Suzuki,Maruti,2010,270000.0,67000.0,Diesel
617,Maruti Suzuki,Maruti,2008,125000.0,46000.0,Petrol
618,Hyundai Eon,Hyundai,2012,188000.0,38000.0,Petrol
619,Hyundai Grand,Hyundai,2016,380000.0,27000.0,Petrol
620,Hyundai Verna,Hyundai,2011,365000.0,43000.0,Diesel
621,Ford EcoSport,Ford,2014,465000.0,47000.0,Petrol
622,Hyundai i20,Hyundai,2011,240000.0,42000.0,Petrol
623,Chevrolet Beat,Chevrolet,2016,179999.0,19336.0,Diesel
624,Tata Indica,Tata,2015,140000.0,60105.0,Diesel
625,Jaguar XF,Jaguar,2013,2190000.0,29000.0,Diesel
626,Audi Q5,Audi,2014,2390000.0,34000.0,Diesel
627,BMW 3,BMW,2011,1075000.0,35000.0,Diesel
628,Maruti Suzuki,Maruti,2015,475000.0,22000.0,Petrol
629,BMW X1,BMW,2012,1025000.0,41000.0,Diesel
630,Maruti Suzuki,Maruti,2016,615000.0,21000.0,Diesel
631,Maruti Suzuki,Maruti,2013,475000.0,48000.0,Diesel
632,Maruti Suzuki,Maruti,2016,270000.0,38000.0,Petrol
633,Honda City,Honda,2014,475000.0,34000.0,Diesel
634,Volkswagen Vento,Volkswagen,2011,240000.0,45933.0,Petrol
635,Honda City,Honda,2005,120000.0,68000.0,Petrol
636,Audi A4,Audi,2016,1900000.0,44000.0,Diesel
637,Mahindra KUV100,Mahindra,2017,360000.0,35000.0,Diesel
638,Tata Zest,Tata,2018,450000.0,102563.0,Diesel
639,Mahindra XUV500,Mahindra,2015,900000.0,28600.0,Diesel
640,Maruti Suzuki,Maruti,2017,650000.0,41800.0,Diesel
641,Tata Sumo,Tata,2014,275000.0,116000.0,Diesel
642,Maruti Suzuki,Maruti,2009,210000.0,59000.0,Petrol
643,Mahindra Scorpio,Mahindra,2004,175000.0,58000.0,Diesel
644,Maruti Suzuki,Maruti,2009,85000.0,45000.0,Petrol
645,Mitsubishi Pajero,Mitsubishi,2015,1490000.0,42590.0,Diesel
646,Renault Duster,Renault,2014,800000.0,7400.0,Diesel
647,Volkswagen Jetta,Volkswagen,2009,450000.0,54500.0,Diesel
648,Maruti Suzuki,Maruti,2012,1000000.0,200000.0,Diesel
649,Audi A4,Audi,2013,1510000.0,27000.0,Diesel
650,Volvo S80,Volvo,2015,1850000.0,42000.0,Diesel
651,Toyota Corolla,Toyota,2014,790000.0,29000.0,Petrol
652,Mitsubishi Pajero,Mitsubishi,2015,1725000.0,37000.0,Diesel
653,Chevrolet Beat,Chevrolet,2012,135000.0,36000.0,Petrol
654,BMW X1,BMW,2011,1000000.0,34000.0,Diesel
655,Datsun Redi,Datsun,2018,299999.0,7000.0,Petrol
656,Mercedes Benz,Mercedes,2009,1225000.0,76000.0,Diesel
657,Mahindra Scorpio,Mahindra,2004,175000.0,60000.0,Diesel
658,Volkswagen Vento,Volkswagen,2011,200000.0,95000.0,Diesel
659,Tata Indigo,Tata,2017,270000.0,50000.0,Diesel
660,Ford Figo,Ford,2019,525000.0,0.0,Petrol
661,Honda City,Honda,2006,180000.0,50000.0,Petrol
662,Maruti Suzuki,Maruti,2008,140000.0,68000.0,Petrol
663,Ford EcoSport,Ford,2014,400000.0,16000.0,Petrol
664,Maruti Suzuki,Maruti,2016,499000.0,51000.0,Diesel
665,Maruti Suzuki,Maruti,2009,85000.0,56000.0,Petrol
666,Maruti Suzuki,Maruti,2004,70000.0,100000.0,Petrol
667,Renault Duster,Renault,2015,550000.0,36000.0,Petrol
668,Maruti Suzuki,Maruti,2014,370000.0,11523.0,Petrol
669,Maruti Suzuki,Maruti,2018,690000.0,1000.0,Petrol
670,Honda WR,Honda,2009,250000.0,60000.0,Petrol
671,Tata Indigo,Tata,2016,110000.0,85000.0,Diesel
672,Renault Duster,Renault,2013,490000.0,38600.0,Diesel
673,Mahindra Scorpio,Mahindra,2009,320000.0,95500.0,Diesel
674,Maruti Suzuki,Maruti,2004,68000.0,56000.0,Petrol
675,Maruti Suzuki,Maruti,2014,130000.0,37458.0,Petrol
676,Maruti Suzuki,Maruti,2016,970000.0,85960.0,Diesel
677,Audi A3,Audi,2015,3100000.0,12516.0,Petrol
678,Hyundai Eon,Hyundai,2018,280000.0,35000.0,Petrol
679,Maruti Suzuki,Maruti,2009,125000.0,0.0,Petrol
680,Mahindra Scorpio,Mahindra,2008,285000.0,80000.0,Diesel
681,Hyundai Santro,Hyundai,2011,165000.0,45000.0,Petrol
682,Maruti Suzuki,Maruti,2009,250000.0,51000.0,Diesel
683,Mahindra Scorpio,Mahindra,2015,865000.0,30000.0,Diesel
684,Mahindra Xylo,Mahindra,2011,390000.0,48000.0,Diesel
685,Hyundai Santro,Hyundai,2003,60000.0,51000.0,Petrol
686,Chevrolet Beat,Chevrolet,2015,215000.0,90000.0,Diesel
687,Maruti Suzuki,Maruti,2015,475000.0,43000.0,Diesel
688,Mahindra XUV500,Mahindra,2015,899000.0,53000.0,Diesel
689,Toyota Fortuner,Toyota,2013,1499000.0,97000.0,Diesel
690,Maruti Suzuki,Maruti,2013,240000.0,20000.0,Petrol
691,Hyundai Getz,Hyundai,2007,99000.0,55000.0,Petrol
692,Maruti Suzuki,Maruti,2014,260000.0,120000.0,Diesel
693,Hyundai Creta,Hyundai,2019,1200000.0,0.0,Petrol
694,Hyundai Santro,Hyundai,2007,115000.0,46000.0,Petrol
695,Hyundai Santro,Hyundai,2009,88000.0,43200.0,Petrol
696,Mahindra Xylo,Mahindra,2011,390000.0,56000.0,Diesel
697,Hyundai Santro,Hyundai,2007,135000.0,42000.0,Petrol
698,Tata Indica,Tata,2009,90000.0,30600.0,Diesel
699,Hyundai i10,Hyundai,2011,220000.0,38000.0,Petrol
700,Hyundai Grand,Hyundai,2017,424999.0,2550.0,Petrol
701,Hyundai Santro,Hyundai,2007,135000.0,47000.0,Petrol
702,Honda City,Honda,2005,95000.0,41000.0,Petrol
703,Nissan Micra,Nissan,2017,430000.0,62500.0,Diesel
704,Honda City,Honda,2005,115000.0,68000.0,Petrol
705,Maruti Suzuki,Maruti,2015,215000.0,50000.0,Petrol
706,Maruti Suzuki,Maruti,2004,53000.0,69000.0,Petrol
707,Maruti Suzuki,Maruti,2012,500000.0,48000.0,Diesel
708,Tata Indica,Tata,2012,85000.0,55000.0,Diesel
709,Maruti Suzuki,Maruti,2013,165000.0,25000.0,Petrol
710,Hyundai Eon,Hyundai,2014,200000.0,28400.0,Petrol
711,Hyundai Eon,Hyundai,2014,200000.0,28000.0,Petrol
712,Maruti Suzuki,Maruti,2015,425000.0,42000.0,Diesel
713,Hyundai Verna,Hyundai,2012,600000.0,29000.0,Diesel
714,Chevrolet Tavera,Chevrolet,2005,130000.0,68485.0,Diesel
715,Tata Tiago,Tata,2018,430000.0,3500.0,Petrol
716,Tata Tiago,Tata,2019,568500.0,0.0,Petrol
717,Maruti Suzuki,Maruti,2006,71000.0,32000.0,Petrol
718,Mahindra KUV100,Mahindra,2018,560000.0,8000.0,Diesel
719,Ford EcoSport,Ford,2014,590000.0,34000.0,Diesel
720,Hindustan Motors,Hindustan,1995,750000.0,37000.0,Petrol
721,Ford Fusion,Ford,2007,125000.0,85455.0,Diesel
722,Hyundai Santro,Hyundai,2007,135000.0,46000.0,Petrol
723,Hyundai Santro,Hyundai,2002,60000.0,47000.0,Petrol
724,Fiat Linea,Fiat,2009,120000.0,64000.0,Petrol
725,Ford Ikon,Ford,2008,95000.0,46000.0,Petrol
726,Maruti Suzuki,Maruti,2017,240000.0,8000.0,Petrol
727,Tata Indica,Tata,2012,115000.0,64000.0,Diesel
728,Mahindra Scorpio,Mahindra,2015,795000.0,63000.0,Diesel
729,Hyundai Santro,Hyundai,2007,55000.0,65000.0,Petrol
730,Mahindra Xylo,Mahindra,2009,300000.0,62000.0,Diesel
731,Hyundai Grand,Hyundai,2014,320000.0,41000.0,Petrol
732,Maruti Suzuki,Maruti,2015,265000.0,14000.0,Petrol
733,Toyota Corolla,Toyota,2006,160000.0,40000.0,Petrol
734,Hyundai Eon,Hyundai,2017,300000.0,1600.0,Petrol
735,Tata Sumo,Tata,2010,130000.0,90000.0,Diesel
736,Maruti Suzuki,Maruti,2011,250000.0,58000.0,Diesel
737,Volkswagen Polo,Volkswagen,2013,380000.0,27000.0,Petrol
738,Maruti Suzuki,Maruti,2003,42000.0,60000.0,Petrol
739,Tata Tiago,Tata,2017,400000.0,31000.0,Petrol
740,Maruti Suzuki,Maruti,2009,120000.0,90000.0,Diesel
741,Maruti Suzuki,Maruti,2009,120000.0,90000.0,Diesel
742,Tata Indigo,Tata,2016,130000.0,150000.0,Diesel
743,Chevrolet Beat,Chevrolet,2014,189000.0,31000.0,Diesel
744,Mahindra Xylo,Mahindra,2011,365000.0,43000.0,Diesel
745,Hyundai Eon,Hyundai,2013,170000.0,20000.0,Petrol
746,Tata Sumo,Tata,2013,215000.0,100000.0,Petrol
747,Tata Nano,Tata,2013,60000.0,7000.0,Petrol
748,Hyundai Elite,Hyundai,2017,599999.0,31000.0,Petrol
749,Hyundai i10,Hyundai,2009,400000.0,33000.0,Petrol
750,Hyundai Creta,Hyundai,2016,900000.0,60000.0,Diesel
751,Volkswagen Polo,Volkswagen,2013,299999.0,48000.0,Diesel
752,Maruti Suzuki,Maruti,2014,374999.0,33000.0,Petrol
753,Tata Bolt,Tata,2015,600000.0,15000.0,Petrol
754,Maruti Suzuki,Maruti,2005,70000.0,47000.0,Petrol
755,Maruti Suzuki,Maruti,2005,100000.0,40000.0,Petrol
756,Maruti Suzuki,Maruti,2010,150000.0,38000.0,Diesel
757,Maruti Suzuki,Maruti,2017,225000.0,12500.0,Petrol
758,Maruti Suzuki,Maruti,2009,210000.0,42000.0,Petrol
759,Hyundai i20,Hyundai,2014,425000.0,31000.0,Petrol
760,Maruti Suzuki,Maruti,2008,162000.0,60000.0,Diesel
761,Tata Indica,Tata,2005,60000.0,80000.0,Diesel
762,Mahindra Scorpio,Mahindra,2014,650000.0,77000.0,Diesel
763,Toyota Innova,Toyota,2012,750000.0,75000.0,Diesel
764,Mahindra Xylo,Mahindra,2010,375000.0,40000.0,Diesel
765,Hyundai i20,Hyundai,2011,230000.0,47000.0,Petrol
766,Maruti Suzuki,Maruti,2000,35999.0,60000.0,Petrol
767,Mahindra KUV100,Mahindra,2016,380000.0,26500.0,Petrol
768,Mahindra KUV100,Mahindra,2019,560000.0,2875.0,Petrol
769,Datsun Go,Datsun,2016,285000.0,13900.0,Petrol
770,Ford Endeavor,Ford,2019,2900000.0,9000.0,Diesel
771,Tata Indica,Tata,2005,39999.0,80000.0,Diesel
772,Hyundai Santro,Hyundai,2006,85000.0,60000.0,Petrol
773,Maruti Suzuki,Maruti,2016,395000.0,20000.0,Petrol
774,Maruti Suzuki,Maruti,2008,175000.0,58000.0,Diesel
775,Maruti Suzuki,Maruti,2019,400000.0,1500.0,Petrol
776,Toyota Innova,Toyota,2011,750000.0,75000.0,Diesel
777,Maruti Suzuki,Maruti,2016,250000.0,2450.0,Petrol
778,Maruti Suzuki,Maruti,2019,425000.0,1625.0,Petrol
779,Volkswagen Polo,Volkswagen,2017,525000.0,45000.0,Petrol
780,Mahindra Logan,Mahindra,2009,130000.0,65000.0,Diesel
781,Maruti Suzuki,Maruti,2000,30000.0,33400.0,Petrol
782,Mahindra Scorpio,Mahindra,2011,475000.0,60123.0,Diesel
783,Chevrolet Sail,Chevrolet,2013,300000.0,28000.0,Petrol
784,Hyundai Santro,Hyundai,2003,60000.0,70000.0,Petrol
785,Maruti Suzuki,Maruti,2006,100000.0,7000.0,Petrol
786,Hyundai Eon,Hyundai,2018,260000.0,25000.0,Petrol
787,Tata Manza,Tata,2015,100000.0,100000.0,Diesel
788,Toyota Etios,Toyota,2013,265000.0,42000.0,Petrol
789,Hyundai Getz,Hyundai,2009,115000.0,20000.0,Petrol
790,Toyota Qualis,Toyota,2003,180000.0,100000.0,Diesel
791,Hyundai Santro,Hyundai,2004,45000.0,137495.0,Petrol
792,Tata Indica,Tata,2016,50500.0,91200.0,Diesel
793,Honda City,Honda,2009,270000.0,55000.0,Petrol
794,Tata Zest,Tata,2017,290000.0,120000.0,Diesel
795,Mahindra Quanto,Mahindra,2013,325000.0,63000.0,Diesel
796,Tata Indigo,Tata,2016,160000.0,104000.0,Diesel
797,Maruti Suzuki,Maruti,2016,350000.0,146000.0,Diesel
798,Hyundai Elite,Hyundai,2011,290000.0,40000.0,Petrol
799,Hyundai i20,Hyundai,2011,290000.0,40000.0,Petrol
800,Chevrolet Tavera,Chevrolet,2007,465000.0,100800.0,Diesel
801,Maruti Suzuki,Maruti,2016,325000.0,150000.0,Diesel
802,Hyundai Elite,Hyundai,2018,510000.0,2100.0,Petrol
803,Honda City,Honda,2016,860000.0,95000.0,Petrol
804,Maruti Suzuki,Maruti,2016,450000.0,2500.0,Diesel
805,Hyundai Getz,Hyundai,2006,125000.0,80000.0,Petrol
806,Mercedes Benz,Mercedes,2006,500001.0,15000.0,Petrol
807,Maruti Suzuki,Maruti,2005,95000.0,65000.0,Petrol
808,Maruti Suzuki,Maruti,2009,250000.0,51000.0,Diesel
809,Skoda Fabia,Skoda,2009,110000.0,45000.0,Petrol
810,Maruti Suzuki,Maruti,2011,270000.0,50000.0,Petrol
811,Tata Indica,Tata,2009,110000.0,30000.0,Diesel
812,Toyota Corolla,Toyota,2009,300000.0,132000.0,Petrol
813,Tata Zest,Tata,2018,260000.0,27000.0,Diesel
814,Mahindra Quanto,Mahindra,2013,390000.0,40000.0,Diesel
